{
    "MAE": 132.1898723125458,
    "R2": -0.3072548968639921
}